feature_selection_algorithm	classifier	1	3	5	8	10
fsChi	LogReg	0.77593892974652345	0.86913264733393114	0.87400097252820752	0.87744289168891498	0.8977138039161926
fsFisher	LogReg	0.77593892974652345	0.85001800911561831	0.87742384056142264	0.89769979281927226	0.90229163831156545
fsInfoGain	LogReg	0.77593892974652345	0.86913264733393114	0.87807832063007296	0.87744289168891498	0.8977138039161926
fsSBMLR	LogReg	0.69728945616442062	0.8553705141583734	0.85796770088580454	0.85552480845363665	0.85552480845363665
fsTtest	LogReg	0.77003373219496929	0.85001800911561831	0.87895011713495141	0.89853724485524533	0.89847227281092779
